{"v":"2.5","w":360,"h":491,"fps":2,"mc":false,"l":[{"n":2,"r":1,"w":1,"v":0.1,"ws":false,"c":"#000000","f":[0,1],"d":0,"x":-13.666666666666668,"y":-11.333333333333334,"t":[]},{"n":2,"r":1,"w":1,"v":0.1,"ws":false,"c":"#000000","f":[0,1],"d":1,"x":-13.666666666666668,"y":-11.333333333333334,"t":[]},{"n":2,"r":1,"w":1,"v":0.1,"ws":false,"c":"#000000","f":[0,0],"d":2,"x":-13.666666666666668,"y":-11.333333333333334,"t":[]},{"n":2,"r":1,"w":1,"v":0.1,"ws":false,"c":"#000000","f":[1,1],"d":3,"x":-13.666666666666668,"y":-11.333333333333334,"t":[]}],"d":[[[77,485],[78,484],[77,480],[77,474],[77,465],[77,448],[78,435],[79,419],[80,407],[81,393],[81,381],[82,367],[83,355],[83,343],[83,332],[83,326],[82,317],[82,309],[82,299],[81,292],[81,285],[80,275],[80,268],[80,258],[80,250],[81,239],[81,232],[81,224],[81,219],[79,212],[79,207],[78,203],[77,197],[77,193],[77,187],[77,182],[77,178],[77,173],[76,170],[76,168],[76,165],[76,162],[77,160],[78,159],[79,159],[81,158],[85,159],[87,160],[89,163],[89,167],[89,171],[88,175],[86,180],[85,183],[85,185],[84,187],[83,189],[83,191],[83,194],[82,198],[82,200],[82,203],[82,205],[82,209],[82,212],[83,215],[83,219],[83,223],[83,227],[83,230],[83,232],[83,236],[83,239],[83,242],[83,244],[84,247],[84,250],[84,255],[84,258],[83,261],[83,265],[83,269],[83,273],[83,275],[83,277],[83,279],[83,282],[84,284],[84,285],[84,287],[84,288],[84,290],[84,291],[84,293],[84,295],[84,299],[84,300],[84,302],[84,305],[84,307],[83,311],[83,314],[83,317],[83,319],[83,321],[83,324],[83,327],[83,329],[83,332],[83,335],[83,338],[82,341],[81,345],[81,348],[81,352],[81,355],[80,361],[80,364],[80,368],[80,371],[80,374],[80,377],[80,380],[80,383],[81,385],[81,387],[81,390],[81,394],[81,397],[82,401],[82,405],[82,409],[82,413],[82,416],[82,421],[83,424],[83,427],[83,431],[83,434],[83,437],[83,440],[83,443],[83,447],[83,450],[83,452],[82,455],[81,459],[81,461],[80,465],[79,467],[79,470],[79,472],[79,475],[79,476],[79,479],[79,481],[79,483],[79,483],[79,485],[79,487],[79,487],[79,488],0],[[51,475],[50,475],0,[53,475],[53,475],0,[59,494],[60,495],[58,495],0,[59,493],[59,493],0,[64,491],[64,492],[64,492],0,[65,492],[65,493],[66,492],0,[66,487],[66,487],[66,487],[66,488],0,[71,488],[71,489],[71,489],[70,488],0,[75,490],[75,490],0,[71,495],[71,495],0,[85,496],[86,496],[86,497],[86,496],0,[79,497],[78,498],0,[87,498],[87,498],0,[89,497],[89,497],[89,498],[88,497],0,[97,492],[97,493],[97,492],[97,493],0,[98,496],[98,497],[98,497],[98,496],0,[110,485],[110,485],0,[113,483],[112,483],0,[110,482],[109,483],0,[111,481],[110,482],[112,481],0,[120,475],[121,475],0,[114,474],[113,475],[114,475],[114,475],0,[106,472],[105,473],[105,473],[107,473],0,[103,473],[103,474],[102,473],0,[103,476],[103,476],0,[100,469],[101,469],0,[106,469],[105,470],[105,469],[107,470],0,[104,471],[104,472],[103,471],0,[93,482],[93,483],[94,483],0,[95,477],[96,478],0,0,[65,485],[66,485],0,[65,480],[65,481],0,[63,467],[63,467],0,[61,473],[61,474],[61,474],[62,474],0,[51,485],[51,486],0,[53,487],[52,488],0,[53,475],[52,475],[53,475],0,[53,473],[53,474],[52,473],0,[37,481],[38,481],[36,482],0,[33,479],[33,479],[32,479],0,[31,485],[30,485],[32,485],0,[31,477],[30,477],[32,478],0,[19,484],[19,484],[18,484],0,[25,482],[24,483],[25,483],0,0],[[83,206],[81,206],[78,209],[76,210],[75,209],[75,204],[78,200],[81,199],[83,199],[83,202],[82,205],[80,207],[79,207],[79,205],[81,204],[82,204],[85,204],[87,204],[89,203],[91,201],[94,201],[96,200],[98,199],[99,199],0,[83,266],[81,265],[81,264],[80,263],[78,262],[77,259],[79,255],[82,253],[85,254],[86,258],[85,261],[83,261],[83,260],[83,259],[85,259],[85,262],[82,265],[81,265],0,[85,260],[87,259],[91,258],[95,257],0,[100,201],[101,207],[103,213],[105,221],[105,234],[105,240],[104,247],[102,253],[100,257],[99,259],[99,259],[99,259],0,[99,202],[99,205],[101,209],[106,218],[107,225],[107,235],[107,241],[107,247],[107,252],[105,257],[105,259],[105,260],[105,261],0,[103,199],[103,197],[106,191],[112,181],[121,165],[131,153],[145,139],[156,131],[168,124],[174,122],[181,121],[184,122],[193,133],[194,138],[194,144],[193,151],[188,161],[185,167],[181,175],[179,179],[176,186],[173,192],[171,197],[171,199],[171,201],[171,205],[172,207],[173,209],[175,209],[179,207],[183,203],[189,198],[199,189],[208,183],[225,171],[235,163],[248,157],[256,152],[261,150],[269,148],[272,148],[274,151],[273,155],[270,161],[265,169],[254,184],[249,194],[246,203],[245,208],[246,211],[249,213],[254,213],[261,211],[267,209],[277,205],[286,201],[301,193],[312,187],[321,183],[329,178],[335,175],[339,174],[339,174],[339,175],[335,179],[332,182],[327,188],[323,194],[320,199],[319,203],[319,205],[320,205],[323,203],[328,199],[333,195],[340,192],[345,190],[348,189],[349,189],[349,189],[348,190],[347,192],[344,195],[341,197],[338,201],[333,204],[329,208],[322,213],[316,217],[307,221],[301,225],[293,229],[286,232],[279,235],[273,237],[267,239],[263,239],[259,238],[255,236],[253,233],[251,231],[251,227],[250,223],[249,221],[249,218],[249,215],[249,213],[249,211],0,[274,205],[273,204],[271,201],[268,197],[267,193],[265,190],[264,186],[263,184],[263,181],[263,179],[262,176],[261,173],0,[250,193],[249,193],[245,195],[243,198],[237,201],[233,204],[229,206],[224,209],[220,212],[216,215],[213,217],[209,220],[205,223],[200,226],[195,229],[191,232],[185,235],[181,238],[175,241],[172,241],[167,242],[165,242],[163,240],[162,238],[161,234],[162,229],[163,225],[165,222],[166,219],[167,216],[168,212],[169,209],[170,205],0,[192,192],[193,193],[193,193],[192,189],[191,184],[190,177],[190,173],[189,169],[189,166],[189,163],[188,161],0,[175,186],[172,187],[169,189],[163,193],[157,197],[149,203],[144,207],[141,211],[137,215],[134,219],[129,225],[127,229],[123,235],[120,238],[117,241],[115,243],[114,245],[112,248],[111,250],[109,253],[109,254],[109,255],[109,255],0],[[79,209],[77,207],[77,204],[79,201],[82,202],[85,205],[83,209],[81,211],[78,210],[77,206],[78,203],[80,203],[81,204],[81,206],0,[85,205],[86,204],[91,197],[95,192],[95,191],[95,192],0,[84,261],[83,261],[81,257],[81,253],[83,255],[83,259],[81,261],[78,259],[78,255],[80,254],[83,256],[83,260],0,[85,258],[87,256],[90,251],[91,247],[92,247],0,[93,191],[94,197],[97,204],[100,218],[101,223],[101,234],[101,239],[101,243],[101,244],[101,246],[101,248],[101,249],[101,249],[100,249],[100,246],[101,239],[101,230],[101,222],[99,213],[97,205],[96,200],[95,197],[95,197],[95,198],[95,203],[99,219],[99,231],[99,239],[99,242],[98,243],0,[102,242],[104,242],[111,240],[118,237],[127,235],[139,227],[145,223],[155,216],[161,211],[166,205],[172,197],[175,191],[178,184],[179,179],[179,175],[179,173],[179,167],[177,162],[175,158],[174,156],[173,155],[171,151],[169,149],[168,145],[168,141],[169,137],[171,133],[172,131],[174,129],[175,127],[179,124],[185,122],[195,119],[207,117],[221,116],[233,115],[246,115],[261,113],[273,111],[286,106],[293,103],[301,99],[305,95],[308,92],[308,89],[307,85],[304,80],[300,76],[295,73],[291,70],[287,67],[284,65],[283,63],[283,61],[283,58],[289,54],[295,51],[302,49],[309,49],[317,48],[323,48],[329,48],[336,47],[342,47],[349,45],[355,45],[361,43],[366,42],[369,41],[370,41],[370,41],[368,41],[365,39],[361,37],[357,35],[353,34],[350,33],[346,31],[343,31],[341,30],[340,30],[341,29],[345,28],[349,26],[354,24],[359,22],[361,21],[362,20],[363,20],[363,19],[363,19],[363,19],[362,18],[361,17],[358,17],[356,16],[352,15],[349,15],[347,15],[344,15],[340,16],[337,16],[335,17],[332,17],[330,17],[327,18],[323,18],[319,19],[315,19],[311,19],[308,20],[305,21],[301,21],[297,22],[295,23],[293,24],[290,25],[288,25],[286,27],[285,28],[285,29],[284,31],[283,33],[282,37],[281,39],[281,41],[280,45],[279,48],[279,51],[279,53],[279,57],0,[303,49],[302,51],[301,53],[300,58],[301,63],[301,68],[302,73],[303,75],0,[289,70],[288,69],[285,69],[281,70],[277,71],[271,71],[267,72],[263,73],[255,75],[249,77],[242,79],[237,81],[232,82],[228,83],[223,85],[217,87],[211,89],[205,91],[200,93],[195,95],[191,96],[187,98],[184,99],[181,101],[177,103],[174,105],[170,107],[167,109],[165,111],[164,